<?xml version="1.0" encoding="UTF-8"?>
<beans xmlns="http://www.springframework.org/schema/beans"
	xmlns:xsi="http://www.w3.org/2001/XMLSchema-instance"
	xmlns:tx="http://www.springframework.org/schema/tx"
	xmlns:aop="http://www.springframework.org/schema/aop"
	xmlns:sec="http://www.springframework.org/schema/security"
	xsi:schemaLocation="http://www.springframework.org/schema/beans https://www.springframework.org/schema/beans/spring-beans.xsd
		http://www.springframework.org/schema/aop http://www.springframework.org/schema/aop/spring-aop-4.3.xsd
		http://www.springframework.org/schema/tx http://www.springframework.org/schema/tx/spring-tx-4.3.xsd
		http://www.springframework.org/schema/security http://www.springframework.org/schema/security/spring-security-5.1.xsd">
	
	
	<!-- Root Context: defines shared resources visible to all other web components -->
	<bean id="realDataSource" class="org.apache.commons.dbcp.BasicDataSource" destroy-method="close">
		<property name="driverClassName" value="oracle.jdbc.driver.OracleDriver"/>
		<property name="url" value="jdbc:oracle:thin:@rclass.iptime.org:1521:xe"/>
		<property name="username" value="orkney"/>
		<property name="password" value="orkney"/>
	</bean>
	
	<bean id="dataSource" class="net.sf.log4jdbc.Log4jdbcProxyDataSource">
		<constructor-arg ref="realDataSource"/>
		<property name="logFormatter">
			<bean class="net.sf.log4jdbc.tools.Log4JdbcCustomFormatter">
				<property name="loggingType" value="MULTI_LINE"/>
				<property name="sqlPrefix" value="[SQL]"/>
			</bean>
		</property>		
	</bean>
	
	<bean id="sqlSessionFactoryBean" class="org.mybatis.spring.SqlSessionFactoryBean">
		<property name="dataSource" ref="dataSource"/>
		<property name="mapperLocations" value="classpath*:mapper/**/*.xml"/>
		<property name="configLocation" value="classpath:mybatis-config.xml"/>
	</bean>
	
	<bean id="sqlSessionTemplate" class="org.mybatis.spring.SqlSessionTemplate">
		<constructor-arg index="0" ref="sqlSessionFactoryBean"></constructor-arg>
	</bean>
	
	<bean id="bcryptPassword"
	class="org.springframework.security.crypto.bcrypt.BCryptPasswordEncoder"/>
	
	<!-- 트랜잭션 -->
	<bean id="transactionManager" class="org.springframework.jdbc.datasource.DataSourceTransactionManager">
			<property name="dataSource" ref="dataSource"/>
		</bean>
		
	<tx:annotation-driven transaction-manager="transactionManager"/>		
</beans>
